,owner_username,shortcode,display_url,likes_count,comments_count,dimensions.height,dimensions.width
0,mearsoftilk,Bs9VxLHnaWQ,https://instagram.fxds1-1.fna.fbcdn.net/v/t51.2885-15/e35/49646932_100516414388141_8378096798381293030_n.jpg?_nc_ht=instagram.fxds1-1.fna.fbcdn.net&_nc_cat=105&_nc_ohc=ORNle-z-6m8AX-wM9ko&oh=13c17496f210c70d1f3a3af59afe55f5&oe=5F67BDDE,55,0,750,750
1,mearsoftilk,Bs5tA1eHyMK,https://instagram.fxds1-1.fna.fbcdn.net/v/t51.2885-15/e35/49690955_374147396744769_7661558352921572201_n.jpg?_nc_ht=instagram.fxds1-1.fna.fbcdn.net&_nc_cat=109&_nc_ohc=GjxFA7gMo9UAX_7fSHT&oh=3784ceb70d121614b899934e0f9a2718&oe=5F67D937,48,0,750,750
2,mearsoftilk,Bs3dNjfn-cR,https://instagram.fxds1-1.fna.fbcdn.net/v/t51.2885-15/e35/50766671_244723546425678_4301134449382004111_n.jpg?_nc_ht=instagram.fxds1-1.fna.fbcdn.net&_nc_cat=106&_nc_ohc=nUkKGSkjv54AX8-1zEd&oh=06d2d3ae338f941d866fe78d1c4a9bf0&oe=5F69033F,45,0,750,750
3,mearsoftilk,Bswv-nknKgo,https://instagram.fxds1-1.fna.fbcdn.net/v/t51.2885-15/e35/47694943_139124213760075_4634224025066162961_n.jpg?_nc_ht=instagram.fxds1-1.fna.fbcdn.net&_nc_cat=103&_nc_ohc=Xbcez9vAosoAX-Z36jp&oh=32dd120643bb88e135399352ea87be4b&oe=5F65A758,36,0,1098,1080
4,mearsoftilk,BsrGZJUnQGJ,https://instagram.fxds1-1.fna.fbcdn.net/v/t51.2885-15/e35/47693807_571748366634218_8403830508663127195_n.jpg?_nc_ht=instagram.fxds1-1.fna.fbcdn.net&_nc_cat=102&_nc_ohc=N2HpFfKx0f0AX83ll5p&oh=00cf2a45a331225f161477bf9707b6a7&oe=5F669AEA,38,0,750,750
5,mearsoftilk,BsnzJElnMF7,https://instagram.fxds1-1.fna.fbcdn.net/v/t51.2885-15/e35/49858194_791721101177702_5869908644408256681_n.jpg?_nc_ht=instagram.fxds1-1.fna.fbcdn.net&_nc_cat=102&_nc_ohc=UhTwLzvE_5sAX-Tcupg&oh=dc6ade4d5d8f2f194177734ee6284e3b&oe=5F661092,15,0,562,750
6,mearsoftilk,Bsa7UIinGyp,https://instagram.fxds1-1.fna.fbcdn.net/v/t51.2885-15/e35/47692932_345989836239436_5222633897670956481_n.jpg?_nc_ht=instagram.fxds1-1.fna.fbcdn.net&_nc_cat=104&_nc_ohc=PaPaZ1G0_0AAX8GDJZM&oh=5159d2c6a6301ef9e63e47ef7d527457&oe=5F6650AB,44,0,1099,1080
7,mearsoftilk,BsZlX1cHf51,https://instagram.fxds1-1.fna.fbcdn.net/v/t51.2885-15/e35/47691439_748303562213695_8466807008613513484_n.jpg?_nc_ht=instagram.fxds1-1.fna.fbcdn.net&_nc_cat=107&_nc_ohc=7blhAeAHp4YAX8v0L1F&oh=eee5818b5e0bd3e6b26ceb1e8f0a5a87&oe=5F68EEB6,34,4,477,640
8,mearsoftilk,BsYV0EfnwjW,https://instagram.fxds1-1.fna.fbcdn.net/v/t51.2885-15/e35/49560139_1944301895878037_8005238530947851120_n.jpg?_nc_ht=instagram.fxds1-1.fna.fbcdn.net&_nc_cat=105&_nc_ohc=zzmH_9r5-PkAX_Mgf-t&oh=4d7a58017035b0e720a04bb016970fd9&oe=5F67DB20,29,0,1108,1080
9,mearsoftilk,BsUvNOYHyVw,https://instagram.fxds1-1.fna.fbcdn.net/v/t51.2885-15/e35/49648278_152685649051938_2491683851855933842_n.jpg?_nc_ht=instagram.fxds1-1.fna.fbcdn.net&_nc_cat=106&_nc_ohc=NIiGkcTOMmsAX8vhXDU&oh=78e241969bdd63b6725fc40b29537374&oe=5F68CD8D,44,1,750,750
10,mearsoftilk,BsQxt2nHgLL,https://instagram.fxds1-1.fna.fbcdn.net/v/t51.2885-15/e35/47583036_2229295463976510_6057710458045878753_n.jpg?_nc_ht=instagram.fxds1-1.fna.fbcdn.net&_nc_cat=106&_nc_ohc=BAT5hpYqChYAX-CtyBY&oh=4090699303d29aca0794aaab6e323f9c&oe=5F679951,35,0,640,640
11,mearsoftilk,BsPiD_6n5ul,https://instagram.fxds1-1.fna.fbcdn.net/v/t51.2885-15/e35/49858667_331566354113734_7088667771598696927_n.jpg?_nc_ht=instagram.fxds1-1.fna.fbcdn.net&_nc_cat=110&_nc_ohc=4X8JSKDNtj4AX_gCZzV&oh=828ea85d6cf149b657f5213af48cb1ea&oe=5F6835CD,38,0,1087,1080
